"dose","risk","outcome","variable","scenario","model","dataset","panel"
2,-5.9706164546805,"Higher treatability","0","Varying %MIC","Exponential","Dataset 1","A"
2.5,-5.47061695706454,"Higher treatability","0","Varying %MIC","Exponential","Dataset 1","A"
3,-4.97061854579021,"Higher treatability","0","Varying %MIC","Exponential","Dataset 1","A"
3.5,-4.47062356976901,"Higher treatability","0","Varying %MIC","Exponential","Dataset 1","A"
4,-3.97063945686246,"Higher treatability","0","Varying %MIC","Exponential","Dataset 1","A"
4.5,-3.47068969498902,"Higher treatability","0","Varying %MIC","Exponential","Dataset 1","A"
5,-2.97084854914495,"Higher treatability","0","Varying %MIC","Exponential","Dataset 1","A"
5.5,-2.4713507625981,"Higher treatability","0","Varying %MIC","Exponential","Dataset 1","A"
6,-1.97293762602932,"Higher treatability","0","Varying %MIC","Exponential","Dataset 1","A"
6.5,-1.47794297945471,"Higher treatability","0","Varying %MIC","Exponential","Dataset 1","A"
7,-0.993643820295922,"Higher treatability","0","Varying %MIC","Exponential","Dataset 1","A"
7.5,-0.54202117571874,"Higher treatability","0","Varying %MIC","Exponential","Dataset 1","A"
8,-0.182440260717117,"Higher treatability","0","Varying %MIC","Exponential","Dataset 1","A"
2,-6.45567997080908,"Higher treatability","0.5","Varying %MIC","Exponential","Dataset 1","A"
2.5,-5.95568013517855,"Higher treatability","0.5","Varying %MIC","Exponential","Dataset 1","A"
3,-5.45568065518135,"Higher treatability","0.5","Varying %MIC","Exponential","Dataset 1","A"
3.5,-4.95568229949318,"Higher treatability","0.5","Varying %MIC","Exponential","Dataset 1","A"
4,-4.45568749926218,"Higher treatability","0.5","Varying %MIC","Exponential","Dataset 1","A"
4.5,-3.95570394224566,"Higher treatability","0.5","Varying %MIC","Exponential","Dataset 1","A"
5,-3.45575593815736,"Higher treatability","0.5","Varying %MIC","Exponential","Dataset 1","A"
5.5,-2.95592035001086,"Higher treatability","0.5","Varying %MIC","Exponential","Dataset 1","A"
6,-2.4564401293683,"Higher treatability","0.5","Varying %MIC","Exponential","Dataset 1","A"
6.5,-1.95808245028324,"Higher treatability","0.5","Varying %MIC","Exponential","Dataset 1","A"
7,-1.46326226786528,"Higher treatability","0.5","Varying %MIC","Exponential","Dataset 1","A"
7.5,-0.979505737273714,"Higher treatability","0.5","Varying %MIC","Exponential","Dataset 1","A"
8,-0.529508530231197,"Higher treatability","0.5","Varying %MIC","Exponential","Dataset 1","A"
2,-6.85288526159483,"Higher treatability","1","Varying %MIC","Exponential","Dataset 1","A"
2.5,-6.35288532729856,"Higher treatability","1","Varying %MIC","Exponential","Dataset 1","A"
3,-5.85288553566709,"Higher treatability","1","Varying %MIC","Exponential","Dataset 1","A"
3.5,-5.35288619452433,"Higher treatability","1","Varying %MIC","Exponential","Dataset 1","A"
4,-4.85288827795928,"Higher treatability","1","Varying %MIC","Exponential","Dataset 1","A"
4.5,-4.35289486633497,"Higher treatability","1","Varying %MIC","Exponential","Dataset 1","A"
5,-3.85291570039268,"Higher treatability","1","Varying %MIC","Exponential","Dataset 1","A"
5.5,-3.3529815812751,"Higher treatability","1","Varying %MIC","Exponential","Dataset 1","A"
6,-2.85318989299227,"Higher treatability","1","Varying %MIC","Exponential","Dataset 1","A"
6.5,-2.35384841322337,"Higher treatability","1","Varying %MIC","Exponential","Dataset 1","A"
7,-1.85592864445879,"Higher treatability","1","Varying %MIC","Exponential","Dataset 1","A"
7.5,-1.36248498792591,"Higher treatability","1","Varying %MIC","Exponential","Dataset 1","A"
8,-0.882998763859859,"Higher treatability","1","Varying %MIC","Exponential","Dataset 1","A"
2,-7.25408642148326,"Lower treatability","2.5","Varying %MIC","Exponential","Dataset 1","A"
2.5,-6.75408644767337,"Lower treatability","2.5","Varying %MIC","Exponential","Dataset 1","A"
3,-6.25408653036666,"Lower treatability","2.5","Varying %MIC","Exponential","Dataset 1","A"
3.5,-5.75408679196565,"Lower treatability","2.5","Varying %MIC","Exponential","Dataset 1","A"
4,-5.25408761910691,"Lower treatability","2.5","Varying %MIC","Exponential","Dataset 1","A"
4.5,-4.75409023475287,"Lower treatability","2.5","Varying %MIC","Exponential","Dataset 1","A"
5,-4.25409850610821,"Lower treatability","2.5","Varying %MIC","Exponential","Dataset 1","A"
5.5,-3.75412466208695,"Lower treatability","2.5","Varying %MIC","Exponential","Dataset 1","A"
6,-3.25420737109832,"Lower treatability","2.5","Varying %MIC","Exponential","Dataset 1","A"
6.5,-2.75446888539903,"Lower treatability","2.5","Varying %MIC","Exponential","Dataset 1","A"
7,-2.25529552064561,"Lower treatability","2.5","Varying %MIC","Exponential","Dataset 1","A"
7.5,-1.75790611498821,"Lower treatability","2.5","Varying %MIC","Exponential","Dataset 1","A"
8,-1.26612698210245,"Lower treatability","2.5","Varying %MIC","Exponential","Dataset 1","A"
2,-7.0391116128366,"Higher treatability","0","Varying resistant fraction","Exponential","Dataset 1","B"
2.5,-6.53911165574265,"Higher treatability","0","Varying resistant fraction","Exponential","Dataset 1","B"
3,-6.0391117914298,"Higher treatability","0","Varying resistant fraction","Exponential","Dataset 1","B"
3.5,-5.53911222052093,"Higher treatability","0","Varying resistant fraction","Exponential","Dataset 1","B"
4,-5.03911357743969,"Higher treatability","0","Varying resistant fraction","Exponential","Dataset 1","B"
4.5,-4.53911786838578,"Higher treatability","0","Varying resistant fraction","Exponential","Dataset 1","B"
5,-4.03913143744768,"Higher treatability","0","Varying resistant fraction","Exponential","Dataset 1","B"
5.5,-3.53917434565951,"Higher treatability","0","Varying resistant fraction","Exponential","Dataset 1","B"
6,-3.03931002403928,"Higher treatability","0","Varying resistant fraction","Exponential","Dataset 1","B"
6.5,-2.53973898374384,"Higher treatability","0","Varying resistant fraction","Exponential","Dataset 1","B"
7,-2.04109454339096,"Higher treatability","0","Varying resistant fraction","Exponential","Dataset 1","B"
7.5,-1.54537189903323,"Higher treatability","0","Varying resistant fraction","Exponential","Dataset 1","B"
8,-1.05880509083092,"Higher treatability","0","Varying resistant fraction","Exponential","Dataset 1","B"
2,-6.9949312712364,"Higher treatability","0.01","Varying resistant fraction","Exponential","Dataset 1","B"
2.5,-6.49493131885725,"Higher treatability","0.01","Varying resistant fraction","Exponential","Dataset 1","B"
3,-5.99493146906024,"Higher treatability","0.01","Varying resistant fraction","Exponential","Dataset 1","B"
3.5,-5.49493194410001,"Higher treatability","0.01","Varying resistant fraction","Exponential","Dataset 1","B"
4,-4.99493344631241,"Higher treatability","0.01","Varying resistant fraction","Exponential","Dataset 1","B"
4.5,-4.49493819674592,"Higher treatability","0.01","Varying resistant fraction","Exponential","Dataset 1","B"
5,-3.99495321881255,"Higher treatability","0.01","Varying resistant fraction","Exponential","Dataset 1","B"
5.5,-3.49500072162105,"Higher treatability","0.01","Varying resistant fraction","Exponential","Dataset 1","B"
6,-2.99515092729214,"Higher treatability","0.01","Varying resistant fraction","Exponential","Dataset 1","B"
6.5,-2.49562580534076,"Higher treatability","0.01","Varying resistant fraction","Exponential","Dataset 1","B"
7,-1.9971263616925,"Higher treatability","0.01","Varying resistant fraction","Exponential","Dataset 1","B"
7.5,-1.50186013873097,"Higher treatability","0.01","Varying resistant fraction","Exponential","Dataset 1","B"
8,-1.01671568183367,"Higher treatability","0.01","Varying resistant fraction","Exponential","Dataset 1","B"
2,-6.85288526159483,"Higher treatability","0.05","Varying resistant fraction","Exponential","Dataset 1","B"
2.5,-6.35288532729856,"Higher treatability","0.05","Varying resistant fraction","Exponential","Dataset 1","B"
3,-5.85288553566709,"Higher treatability","0.05","Varying resistant fraction","Exponential","Dataset 1","B"
3.5,-5.35288619452433,"Higher treatability","0.05","Varying resistant fraction","Exponential","Dataset 1","B"
4,-4.85288827795928,"Higher treatability","0.05","Varying resistant fraction","Exponential","Dataset 1","B"
4.5,-4.35289486633497,"Higher treatability","0.05","Varying resistant fraction","Exponential","Dataset 1","B"
5,-3.85291570039268,"Higher treatability","0.05","Varying resistant fraction","Exponential","Dataset 1","B"
5.5,-3.3529815812751,"Higher treatability","0.05","Varying resistant fraction","Exponential","Dataset 1","B"
6,-2.85318989299227,"Higher treatability","0.05","Varying resistant fraction","Exponential","Dataset 1","B"
6.5,-2.35384841322337,"Higher treatability","0.05","Varying resistant fraction","Exponential","Dataset 1","B"
7,-1.85592864445879,"Higher treatability","0.05","Varying resistant fraction","Exponential","Dataset 1","B"
7.5,-1.36248498792591,"Higher treatability","0.05","Varying resistant fraction","Exponential","Dataset 1","B"
8,-0.882998763859859,"Higher treatability","0.05","Varying resistant fraction","Exponential","Dataset 1","B"
2,-6.72296632175098,"Lower treatability","0.1","Varying resistant fraction","Exponential","Dataset 1","B"
2.5,-6.22296641051594,"Lower treatability","0.1","Varying resistant fraction","Exponential","Dataset 1","B"
3,-5.72296669153502,"Lower treatability","0.1","Varying resistant fraction","Exponential","Dataset 1","B"
3.5,-5.2229675801349,"Lower treatability","0.1","Varying resistant fraction","Exponential","Dataset 1","B"
4,-4.72297039008322,"Lower treatability","0.1","Varying resistant fraction","Exponential","Dataset 1","B"
4.5,-4.22297927588452,"Lower treatability","0.1","Varying resistant fraction","Exponential","Dataset 1","B"
5,-3.72300737485976,"Lower treatability","0.1","Varying resistant fraction","Exponential","Dataset 1","B"
5.5,-3.223096227633,"Lower treatability","0.1","Varying resistant fraction","Exponential","Dataset 1","B"
6,-2.72337716488923,"Lower treatability","0.1","Varying resistant fraction","Exponential","Dataset 1","B"
6.5,-2.22426516766269,"Lower treatability","0.1","Varying resistant fraction","Exponential","Dataset 1","B"
7,-1.7270692906527,"Lower treatability","0.1","Varying resistant fraction","Exponential","Dataset 1","B"
7.5,-1.23589682438301,"Lower treatability","0.1","Varying resistant fraction","Exponential","Dataset 1","B"
8,-0.763413286307795,"Lower treatability","0.1","Varying resistant fraction","Exponential","Dataset 1","B"
2,-4.88272838118463,"Higher treatability","0","Varying %MIC","Beta-Poisson","Dataset 2","C"
2.5,-4.38277008359018,"Higher treatability","0","Varying %MIC","Beta-Poisson","Dataset 2","C"
3,-3.88290191734812,"Higher treatability","0","Varying %MIC","Beta-Poisson","Dataset 2","C"
3.5,-3.38331840465265,"Higher treatability","0","Varying %MIC","Beta-Poisson","Dataset 2","C"
4,-2.88463139579044,"Higher treatability","0","Varying %MIC","Beta-Poisson","Dataset 2","C"
4.5,-2.38874345691368,"Higher treatability","0","Varying %MIC","Beta-Poisson","Dataset 2","C"
5,-1.90136487141517,"Higher treatability","0","Varying %MIC","Beta-Poisson","Dataset 2","C"
5.5,-1.43793570344154,"Higher treatability","0","Varying %MIC","Beta-Poisson","Dataset 2","C"
6,-1.03011712445182,"Higher treatability","0","Varying %MIC","Beta-Poisson","Dataset 2","C"
6.5,-0.712190065925132,"Higher treatability","0","Varying %MIC","Beta-Poisson","Dataset 2","C"
7,-0.48601213079636,"Higher treatability","0","Varying %MIC","Beta-Poisson","Dataset 2","C"
7.5,-0.326803379854267,"Higher treatability","0","Varying %MIC","Beta-Poisson","Dataset 2","C"
8,-0.215812887989623,"Higher treatability","0","Varying %MIC","Beta-Poisson","Dataset 2","C"
2,-5.97401440406359,"Lower treatability","0.5","Varying %MIC","Beta-Poisson","Dataset 2","C"
2.5,-5.47401645668207,"Lower treatability","0.5","Varying %MIC","Beta-Poisson","Dataset 2","C"
3,-4.9740229475116,"Lower treatability","0.5","Varying %MIC","Beta-Poisson","Dataset 2","C"
3.5,-4.4740434724544,"Lower treatability","0.5","Varying %MIC","Beta-Poisson","Dataset 2","C"
4,-3.97410836938997,"Lower treatability","0.5","Varying %MIC","Beta-Poisson","Dataset 2","C"
4.5,-3.47431350529593,"Lower treatability","0.5","Varying %MIC","Beta-Poisson","Dataset 2","C"
5,-2.97496134147328,"Lower treatability","0.5","Varying %MIC","Beta-Poisson","Dataset 2","C"
5.5,-2.47700142892901,"Lower treatability","0.5","Varying %MIC","Beta-Poisson","Dataset 2","C"
6,-1.98336893799762,"Lower treatability","0.5","Varying %MIC","Beta-Poisson","Dataset 2","C"
6.5,-1.50271634609661,"Lower treatability","0.5","Varying %MIC","Beta-Poisson","Dataset 2","C"
7,-1.05728908851536,"Lower treatability","0.5","Varying %MIC","Beta-Poisson","Dataset 2","C"
7.5,-0.687480113898148,"Lower treatability","0.5","Varying %MIC","Beta-Poisson","Dataset 2","C"
8,-0.426447887001391,"Lower treatability","0.5","Varying %MIC","Beta-Poisson","Dataset 2","C"
2,-6.23133871966021,"Lower treatability","1","Varying %MIC","Beta-Poisson","Dataset 2","C"
2.5,-5.73134060642167,"Lower treatability","1","Varying %MIC","Beta-Poisson","Dataset 2","C"
3,-5.23134657258468,"Lower treatability","1","Varying %MIC","Beta-Poisson","Dataset 2","C"
3.5,-4.7313654384387,"Lower treatability","1","Varying %MIC","Beta-Poisson","Dataset 2","C"
4,-4.23142508923196,"Lower treatability","1","Varying %MIC","Beta-Poisson","Dataset 2","C"
4.5,-3.73161363890042,"Lower treatability","1","Varying %MIC","Beta-Poisson","Dataset 2","C"
5,-3.23220905996336,"Lower treatability","1","Varying %MIC","Beta-Poisson","Dataset 2","C"
5.5,-2.73408374786504,"Lower treatability","1","Varying %MIC","Beta-Poisson","Dataset 2","C"
6,-2.23993172745117,"Lower treatability","1","Varying %MIC","Beta-Poisson","Dataset 2","C"
6.5,-1.75767103046967,"Lower treatability","1","Varying %MIC","Beta-Poisson","Dataset 2","C"
7,-1.30748970122873,"Lower treatability","1","Varying %MIC","Beta-Poisson","Dataset 2","C"
7.5,-0.925297510291605,"Lower treatability","1","Varying %MIC","Beta-Poisson","Dataset 2","C"
8,-0.638972546717034,"Lower treatability","1","Varying %MIC","Beta-Poisson","Dataset 2","C"
2,-6.24612903552069,"Lower treatability","2.5","Varying %MIC","Beta-Poisson","Dataset 2","C"
2.5,-5.74613096702081,"Lower treatability","2.5","Varying %MIC","Beta-Poisson","Dataset 2","C"
3,-5.24613707454096,"Lower treatability","2.5","Varying %MIC","Beta-Poisson","Dataset 2","C"
3.5,-4.74615638738632,"Lower treatability","2.5","Varying %MIC","Beta-Poisson","Dataset 2","C"
4,-4.2462174516003,"Lower treatability","2.5","Varying %MIC","Beta-Poisson","Dataset 2","C"
4.5,-3.74641046987411,"Lower treatability","2.5","Varying %MIC","Beta-Poisson","Dataset 2","C"
5,-3.24702001164101,"Lower treatability","2.5","Varying %MIC","Beta-Poisson","Dataset 2","C"
5.5,-2.74893925098813,"Lower treatability","2.5","Varying %MIC","Beta-Poisson","Dataset 2","C"
6,-2.25492710950852,"Lower treatability","2.5","Varying %MIC","Beta-Poisson","Dataset 2","C"
6.5,-1.77309917993274,"Lower treatability","2.5","Varying %MIC","Beta-Poisson","Dataset 2","C"
7,-1.32420329607797,"Lower treatability","2.5","Varying %MIC","Beta-Poisson","Dataset 2","C"
7.5,-0.94549096941298,"Lower treatability","2.5","Varying %MIC","Beta-Poisson","Dataset 2","C"
8,-0.66722418871317,"Lower treatability","2.5","Varying %MIC","Beta-Poisson","Dataset 2","C"
2,-7.69967311007548,"Higher treatability","0","Varying resistant fraction","Beta-Poisson","Dataset 2","D"
2.5,-7.19967317119905,"Higher treatability","0","Varying resistant fraction","Beta-Poisson","Dataset 2","D"
3,-6.69967336482902,"Higher treatability","0","Varying resistant fraction","Beta-Poisson","Dataset 2","D"
3.5,-6.19967397855741,"Higher treatability","0","Varying resistant fraction","Beta-Poisson","Dataset 2","D"
4,-5.69967591906154,"Higher treatability","0","Varying resistant fraction","Beta-Poisson","Dataset 2","D"
4.5,-5.19968205537733,"Higher treatability","0","Varying resistant fraction","Beta-Poisson","Dataset 2","D"
5,-4.69970145930782,"Higher treatability","0","Varying resistant fraction","Beta-Poisson","Dataset 2","D"
5.5,-4.19976281158728,"Higher treatability","0","Varying resistant fraction","Beta-Poisson","Dataset 2","D"
6,-3.6999567411274,"Higher treatability","0","Varying resistant fraction","Beta-Poisson","Dataset 2","D"
6.5,-3.20056916791439,"Higher treatability","0","Varying resistant fraction","Beta-Poisson","Dataset 2","D"
7,-2.70249756314639,"Higher treatability","0","Varying resistant fraction","Beta-Poisson","Dataset 2","D"
7.5,-2.20851467823246,"Higher treatability","0","Varying resistant fraction","Beta-Poisson","Dataset 2","D"
8,-1.72678164877357,"Higher treatability","0","Varying resistant fraction","Beta-Poisson","Dataset 2","D"
2,-6.87535527494243,"Lower treatability","0.01","Varying resistant fraction","Beta-Poisson","Dataset 2","D"
2.5,-6.37535562888969,"Lower treatability","0.01","Varying resistant fraction","Beta-Poisson","Dataset 2","D"
3,-5.87535674774645,"Lower treatability","0.01","Varying resistant fraction","Beta-Poisson","Dataset 2","D"
3.5,-5.37536028565066,"Lower treatability","0.01","Varying resistant fraction","Beta-Poisson","Dataset 2","D"
4,-4.87537147319891,"Lower treatability","0.01","Varying resistant fraction","Beta-Poisson","Dataset 2","D"
4.5,-4.37540684820163,"Lower treatability","0.01","Varying resistant fraction","Beta-Poisson","Dataset 2","D"
5,-3.87551868261426,"Lower treatability","0.01","Varying resistant fraction","Beta-Poisson","Dataset 2","D"
5.5,-3.37587202281602,"Lower treatability","0.01","Varying resistant fraction","Beta-Poisson","Dataset 2","D"
6,-2.8769862832215,"Lower treatability","0.01","Varying resistant fraction","Beta-Poisson","Dataset 2","D"
6.5,-2.38047930159825,"Lower treatability","0.01","Varying resistant fraction","Beta-Poisson","Dataset 2","D"
7,-1.89123177573021,"Lower treatability","0.01","Varying resistant fraction","Beta-Poisson","Dataset 2","D"
7.5,-1.42263932313329,"Lower treatability","0.01","Varying resistant fraction","Beta-Poisson","Dataset 2","D"
8,-1.00328485641475,"Lower treatability","0.01","Varying resistant fraction","Beta-Poisson","Dataset 2","D"
2,-6.23184753413832,"Lower treatability","0.05","Varying resistant fraction","Beta-Poisson","Dataset 2","D"
2.5,-5.73184942221518,"Lower treatability","0.05","Varying resistant fraction","Beta-Poisson","Dataset 2","D"
3,-5.23185539263393,"Lower treatability","0.05","Varying resistant fraction","Beta-Poisson","Dataset 2","D"
3.5,-4.73187427191616,"Lower treatability","0.05","Varying resistant fraction","Beta-Poisson","Dataset 2","D"
4,-4.23193396517061,"Lower treatability","0.05","Varying resistant fraction","Beta-Poisson","Dataset 2","D"
4.5,-3.73212264906684,"Lower treatability","0.05","Varying resistant fraction","Beta-Poisson","Dataset 2","D"
5,-3.23271849417769,"Lower treatability","0.05","Varying resistant fraction","Beta-Poisson","Dataset 2","D"
5.5,-2.7345945188659,"Lower treatability","0.05","Varying resistant fraction","Beta-Poisson","Dataset 2","D"
6,-2.24044668466671,"Lower treatability","0.05","Varying resistant fraction","Beta-Poisson","Dataset 2","D"
6.5,-1.7581988334238,"Lower treatability","0.05","Varying resistant fraction","Beta-Poisson","Dataset 2","D"
7,-1.30805468996938,"Lower treatability","0.05","Varying resistant fraction","Beta-Poisson","Dataset 2","D"
7.5,-0.925955362511,"Lower treatability","0.05","Varying resistant fraction","Beta-Poisson","Dataset 2","D"
8,-0.639795248959855,"Lower treatability","0.05","Varying resistant fraction","Beta-Poisson","Dataset 2","D"
2,-5.9382769374822,"Lower treatability","0.1","Varying resistant fraction","Beta-Poisson","Dataset 2","D"
2.5,-5.438280757498,"Lower treatability","0.1","Varying resistant fraction","Beta-Poisson","Dataset 2","D"
3,-4.93829283714118,"Lower treatability","0.1","Varying resistant fraction","Beta-Poisson","Dataset 2","D"
3.5,-4.43833103300938,"Lower treatability","0.1","Varying resistant fraction","Beta-Poisson","Dataset 2","D"
4,-3.93845178561511,"Lower treatability","0.1","Varying resistant fraction","Beta-Poisson","Dataset 2","D"
4.5,-3.43883330606116,"Lower treatability","0.1","Varying resistant fraction","Beta-Poisson","Dataset 2","D"
5,-2.94003646535908,"Lower treatability","0.1","Varying resistant fraction","Beta-Poisson","Dataset 2","D"
5.5,-2.4438084802708,"Lower treatability","0.1","Varying resistant fraction","Beta-Poisson","Dataset 2","D"
6,-1.95542262808126,"Lower treatability","0.1","Varying resistant fraction","Beta-Poisson","Dataset 2","D"
6.5,-1.48936797034563,"Lower treatability","0.1","Varying resistant fraction","Beta-Poisson","Dataset 2","D"
7,-1.0765968408876,"Lower treatability","0.1","Varying resistant fraction","Beta-Poisson","Dataset 2","D"
7.5,-0.754003894828896,"Lower treatability","0.1","Varying resistant fraction","Beta-Poisson","Dataset 2","D"
8,-0.527988181936956,"Lower treatability","0.1","Varying resistant fraction","Beta-Poisson","Dataset 2","D"
